Features,scores
feat_241,61.3861097
feat_475,60.74562048
feat_048,25.5390781
feat_378,24.49336041
feat_336,22.23355223
feat_064,21.18233597
feat_442,21.08309059
feat_472,20.86157174
feat_128,20.53304347
feat_338,19.80070682